-- Bookshop demo dataset for the data-explorer example.
-- ~20 books, 15 customers, ~80 orders, ~30 reviews.
-- Hand-curated with realistic distribution: a few hit titles drive
-- most revenue, ratings skew positive but with some 1-2 star outliers,
-- orders span 2024-04 through 2026-04 with seasonal clustering.

INSERT INTO books (id, title, author, genre, price_cents, year_published) VALUES
  (1, 'The Maker''s Apprentice', 'Lina Cortez', 'Fiction', 1899, 2024),
  (2, 'Threads of the Empire', 'Roan Mehta', 'History', 2400, 2023),
  (3, 'Quietfall', 'Ada Holman', 'Fiction', 1700, 2025),
  (4, 'Rewriting Math', 'Sophie Yeun', 'Science', 2200, 2022),
  (5, 'A Garden in Lagos', 'Tomi Akande', 'Memoir', 1800, 2024),
  (6, 'Dust on the Shelves', 'Pieter Bos', 'Mystery', 1499, 2023),
  (7, 'The Long Coast', 'Mira Shimizu', 'Fiction', 1999, 2025),
  (8, 'Flame and Furnace', 'Roan Mehta', 'History', 2100, 2025),
  (9, 'Trains of the Anatolian Plateau', 'Esra Demir', 'Travel', 1599, 2021),
  (10, 'Bayesian for the Curious', 'Sophie Yeun', 'Science', 2400, 2024),
  (11, 'In the Margins of Cartography', 'Hugh Avery', 'History', 2700, 2023),
  (12, 'The Last Translator', 'Lina Cortez', 'Fiction', 1899, 2022),
  (13, 'Saltwater Hours', 'Tomi Akande', 'Memoir', 1700, 2025),
  (14, 'Compaction', 'Sophie Yeun', 'Science', 2900, 2026),
  (15, 'Dust on the Shelves II: The Vault', 'Pieter Bos', 'Mystery', 1599, 2025),
  (16, 'Glass Field', 'Ada Holman', 'Fiction', 1800, 2024),
  (17, 'Lighthouses of the Inner Sea', 'Hugh Avery', 'Travel', 2100, 2024),
  (18, 'The Practical Compiler', 'Sophie Yeun', 'Science', 3500, 2025),
  (19, 'Recipes from a Stranded Sailor', 'Mira Shimizu', 'Memoir', 1499, 2023),
  (20, 'Quietfall: Annotated Edition', 'Ada Holman', 'Fiction', 2400, 2026);

INSERT INTO customers (id, name, country, signed_up) VALUES
  (1, 'Anders Holm', 'Denmark', '2024-02-12'),
  (2, 'Priya Iyer', 'India', '2024-03-04'),
  (3, 'Marisol Vega', 'Mexico', '2024-03-22'),
  (4, 'Tomás Reis', 'Portugal', '2024-05-18'),
  (5, 'Chizoba Eze', 'Nigeria', '2024-06-09'),
  (6, 'Rin Tanaka', 'Japan', '2024-07-15'),
  (7, 'Greta Aalto', 'Finland', '2024-09-01'),
  (8, 'Bashir Halabi', 'Lebanon', '2024-10-12'),
  (9, 'Svetlana Orlova', 'Estonia', '2024-11-29'),
  (10, 'Joaquín Salas', 'Chile', '2025-01-08'),
  (11, 'Naledi Khumalo', 'South Africa', '2025-02-14'),
  (12, 'Kavi Anand', 'India', '2025-04-02'),
  (13, 'Hannah Schmidt', 'Germany', '2025-05-20'),
  (14, 'Ezra Cohen', 'Israel', '2025-08-11'),
  (15, 'Mei Lin', 'Taiwan', '2025-11-04');

-- Orders: clustered around the 2025 holiday season + a 2026 spike for
-- "Compaction" (a hit science release). Customer 6 (Rin) is a power
-- buyer; customer 14 (Ezra) just discovered the Dust on the Shelves
-- mystery series.
INSERT INTO orders (id, customer_id, book_id, quantity, ordered_at) VALUES
  (1, 1, 1, 1, '2024-05-02 14:33:00'),
  (2, 2, 4, 1, '2024-05-12 09:14:00'),
  (3, 3, 5, 2, '2024-06-01 18:22:00'),
  (4, 6, 1, 1, '2024-07-22 11:05:00'),
  (5, 6, 2, 1, '2024-07-22 11:05:00'),
  (6, 6, 4, 1, '2024-07-22 11:05:00'),
  (7, 4, 7, 1, '2024-09-13 20:41:00'),
  (8, 5, 5, 1, '2024-09-21 16:09:00'),
  (9, 7, 11, 1, '2024-10-04 13:55:00'),
  (10, 8, 6, 1, '2024-10-30 19:12:00'),
  (11, 2, 10, 1, '2024-11-15 08:38:00'),
  (12, 3, 1, 1, '2024-11-22 12:01:00'),
  (13, 9, 12, 1, '2024-12-03 21:48:00'),
  (14, 6, 11, 1, '2024-12-05 10:11:00'),
  (15, 6, 9, 1, '2024-12-05 10:11:00'),
  (16, 1, 7, 2, '2024-12-12 15:30:00'),
  (17, 4, 12, 1, '2024-12-15 19:55:00'),
  (18, 10, 1, 1, '2025-01-09 11:23:00'),
  (19, 10, 7, 1, '2025-01-09 11:23:00'),
  (20, 11, 5, 1, '2025-02-18 14:07:00'),
  (21, 11, 13, 1, '2025-02-18 14:07:00'),
  (22, 6, 10, 1, '2025-03-02 08:50:00'),
  (23, 6, 14, 0, '2025-03-02 08:50:00'),  -- preorder placeholder
  (24, 5, 13, 1, '2025-03-14 17:33:00'),
  (25, 12, 1, 1, '2025-04-05 10:42:00'),
  (26, 12, 7, 1, '2025-04-05 10:42:00'),
  (27, 12, 16, 1, '2025-04-05 10:42:00'),
  (28, 13, 4, 1, '2025-05-22 13:18:00'),
  (29, 13, 10, 1, '2025-05-22 13:18:00'),
  (30, 8, 17, 1, '2025-06-09 09:01:00'),
  (31, 6, 8, 1, '2025-06-21 18:14:00'),
  (32, 6, 15, 1, '2025-06-21 18:14:00'),
  (33, 14, 6, 1, '2025-08-12 22:00:00'),
  (34, 14, 15, 1, '2025-08-12 22:00:00'),
  (35, 14, 6, 1, '2025-08-15 09:33:00'),  -- bought another copy as gift
  (36, 7, 17, 1, '2025-09-04 14:48:00'),
  (37, 9, 16, 1, '2025-09-19 17:11:00'),
  (38, 3, 13, 1, '2025-10-02 11:22:00'),
  (39, 3, 19, 1, '2025-10-02 11:22:00'),
  (40, 15, 1, 1, '2025-11-08 19:55:00'),
  (41, 15, 7, 1, '2025-11-08 19:55:00'),
  (42, 6, 18, 1, '2025-11-15 10:08:00'),
  (43, 1, 18, 1, '2025-11-22 13:41:00'),
  (44, 13, 18, 2, '2025-11-28 09:17:00'),  -- gift purchase
  (45, 10, 16, 1, '2025-12-01 16:25:00'),
  (46, 4, 18, 1, '2025-12-04 21:33:00'),
  (47, 11, 18, 1, '2025-12-09 11:50:00'),
  (48, 8, 14, 1, '2026-01-14 14:02:00'),  -- "Compaction" release week
  (49, 6, 14, 1, '2026-01-14 14:02:00'),
  (50, 13, 14, 1, '2026-01-15 08:39:00'),
  (51, 1, 14, 1, '2026-01-15 12:11:00'),
  (52, 12, 14, 1, '2026-01-16 17:54:00'),
  (53, 5, 14, 1, '2026-01-18 10:20:00'),
  (54, 14, 14, 1, '2026-01-19 19:48:00'),
  (55, 2, 14, 2, '2026-01-21 09:05:00'),
  (56, 10, 14, 1, '2026-01-22 16:33:00'),
  (57, 11, 14, 1, '2026-01-25 13:18:00'),
  (58, 7, 14, 1, '2026-01-30 11:42:00'),
  (59, 6, 20, 1, '2026-02-08 14:11:00'),
  (60, 9, 20, 1, '2026-02-08 14:11:00'),
  (61, 1, 20, 1, '2026-02-09 18:33:00'),
  (62, 12, 20, 1, '2026-02-11 09:50:00'),
  (63, 4, 3, 1, '2026-02-14 19:22:00'),
  (64, 4, 20, 1, '2026-02-14 19:22:00'),
  (65, 3, 8, 1, '2026-03-01 10:08:00'),
  (66, 15, 14, 1, '2026-03-09 17:44:00'),
  (67, 8, 18, 1, '2026-03-15 13:01:00'),
  (68, 14, 15, 1, '2026-03-22 21:17:00'),
  (69, 6, 17, 1, '2026-04-02 11:28:00'),
  (70, 13, 11, 1, '2026-04-08 14:55:00'),
  (71, 11, 14, 1, '2026-04-12 09:33:00'),  -- bought a second copy
  (72, 5, 19, 1, '2026-04-14 18:02:00'),
  (73, 2, 14, 1, '2026-04-18 12:46:00'),
  (74, 12, 15, 1, '2026-04-21 16:19:00'),
  (75, 1, 8, 1, '2026-04-22 20:38:00'),
  (76, 6, 5, 1, '2026-04-23 09:11:00'),
  (77, 7, 14, 1, '2026-04-23 13:50:00'),
  (78, 14, 18, 1, '2026-04-24 19:25:00');

-- Reviews: skewed positive but with some sharp negatives. "Compaction"
-- is universally praised; "Dust on the Shelves II" splits readers; the
-- 2022 backlist ("Trains of the Anatolian Plateau") has mostly old
-- reviews.
INSERT INTO reviews (id, book_id, customer_id, rating, body, created_at) VALUES
  (1, 1, 1, 5, 'Cortez writes interiority better than anyone I''ve read this year. The shop scenes alone.', '2024-05-15 10:22:00'),
  (2, 1, 6, 4, 'Slow start, magnificent ending. The apprentice''s arc earns every page.', '2024-08-04 18:33:00'),
  (3, 4, 2, 5, 'Yeun makes Bayesian thinking feel inevitable. I bought copies for the whole team.', '2024-06-02 11:45:00'),
  (4, 5, 3, 4, 'A loving, unsentimental memoir. The mango chapter made me cry on the train.', '2024-07-09 14:12:00'),
  (5, 7, 4, 5, 'Shimizu''s prose is salt and weather. The Long Coast is a quiet masterpiece.', '2024-10-08 19:50:00'),
  (6, 5, 5, 5, 'Akande writes Lagos like nobody else. Not nostalgia — presence.', '2024-10-22 16:14:00'),
  (7, 11, 7, 4, 'Avery''s footnotes are the actual book. A delight if you don''t mind the digressions.', '2024-11-15 13:01:00'),
  (8, 6, 8, 3, 'Solid mystery, predictable midpoint. Bos can do better.', '2024-11-28 21:33:00'),
  (9, 10, 2, 5, 'Yeun does it again. Real explanations, not pop-sci hand-waving.', '2025-01-04 09:18:00'),
  (10, 12, 9, 4, 'A cooler, sharper Cortez. Less interiority, more momentum.', '2025-01-12 18:44:00'),
  (11, 7, 1, 5, 'I rationed this one. Hated finishing.', '2025-02-02 11:09:00'),
  (12, 13, 11, 4, 'Saltwater Hours is what every memoir wishes it could be. Restrained, devastating.', '2025-04-08 13:22:00'),
  (13, 1, 10, 5, 'Came for the title, stayed for the third act. Cortez has a future.', '2025-04-22 19:15:00'),
  (14, 7, 12, 4, 'Plot is thin but who cares. Read it for the sentences.', '2025-05-09 10:33:00'),
  (15, 16, 12, 3, 'Holman is trying something new. Doesn''t quite land but I''ll buy whatever she does next.', '2025-05-12 17:41:00'),
  (16, 4, 13, 5, 'I taught a unit from this. Students got it.', '2025-06-08 12:55:00'),
  (17, 17, 8, 4, 'Avery is at his best on water. The Inner Sea chapters are worth the price.', '2025-06-30 20:12:00'),
  (18, 8, 6, 5, 'Mehta keeps deepening. Flame and Furnace is a more humane book than Threads.', '2025-07-14 14:08:00'),
  (19, 15, 14, 1, 'Disappointing follow-up. Reads like Bos was contractually obligated.', '2025-09-02 22:48:00'),
  (20, 15, 6, 4, 'Better than the first if you can stand the long middle. The vault scene!', '2025-09-12 11:33:00'),
  (21, 6, 14, 5, 'Discovered the series this month. Already reread it.', '2025-09-15 19:50:00'),
  (22, 17, 7, 5, 'I want a sequel. Avery, please.', '2025-10-04 14:22:00'),
  (23, 18, 6, 5, 'The Practical Compiler is the rare technical book that makes you faster the day you read it.', '2025-12-01 09:18:00'),
  (24, 18, 1, 5, 'Yeun keeps writing the books I wish existed five years earlier.', '2025-12-08 16:44:00'),
  (25, 18, 13, 5, 'Bought for my team. Best onboarding investment I''ve made.', '2026-01-02 12:11:00'),
  (26, 14, 8, 5, 'Compaction lands every claim. The chapters on irreversible computation are essential.', '2026-01-19 18:33:00'),
  (27, 14, 6, 5, 'Yeun''s best. Finishes the trilogy with the rigor it deserved.', '2026-01-25 14:08:00'),
  (28, 14, 1, 5, 'I haven''t stopped citing it.', '2026-02-04 11:50:00'),
  (29, 20, 9, 4, 'The annotated edition adds context you didn''t know you wanted. Holman is generous in the margins.', '2026-02-22 19:15:00'),
  (30, 14, 13, 5, 'It will be the book of 2026.', '2026-03-08 10:42:00'),
  (31, 15, 11, 2, 'Dragged. The first one was tighter.', '2026-03-19 21:33:00'),
  (32, 14, 11, 5, 'Bought a second copy because I lent the first one out and never got it back.', '2026-04-12 13:55:00');
